grupo,n,bpm_mean,bpm_median,bpm_std,bpm_min,bpm_max,calorias_mean,calorias_median,calorias_std
Corredor,67145,131.42278650681362,130.0,17.805218177883596,83,201,21.327711668776526,19.9,10.807933019950497
Não Corredor,620556,131.45756063916875,130.0,17.81578545658075,82,206,14.73789263176893,12.4,9.675806080013801
