faixa_idade,n_total,n_praticantes,taxa_praticantes_pct,bpm_mean,bpm_median,calorias_mean,calorias_median
18-24,101695,50876,50.02802497664586,146.701450415458,146.0,15.348108559909535,13.0
25-34,136172,66955,49.16943277619481,140.14223922686014,140.0,15.221842228945745,12.9
35-44,145058,72408,49.91658509010189,132.89835100442582,132.0,15.208454549214796,12.9
45-54,148643,74796,50.3192212213155,125.55415996716967,125.0,15.57708334734902,13.2
55-64,156133,77367,49.55198452601308,118.22095264934383,117.0,15.516193885981826,13.1
