grupo,n,bpm_mean,bpm_median,bpm_std,calorias_kcal_mean,calorias_kcal_median,calorias_kcal_std
Fumante,106331,131.31438620910177,130.0,17.666844717448573,15.424153821557214,13.0,10.05684020681246
Não Fumante,581370,131.47973063625574,130.0,17.84155841701885,15.373464747062974,13.0,9.972447770177272
