grupo,n,bpm_mean,bpm_median,bpm_std,bpm_min,bpm_max
Praticante,342402,131.4669803330588,130.0,17.825809826486513,83,206
Não Praticante,345299,131.44145798279172,130.0,17.80378097902873,82,206
